titres_potions;liens;desc_globale;effects;Groupes_actions;difficulté;Propriété_chimique;Couleur;inventeur;ingredients;premiere_apparition;lien_image
Potion d'Actée en épi;https://harrypotter.fandom.com/fr/wiki/Potion_d%27Act%C3%A9e_en_%C3%A9pi;La potion d'Actée en épi (  angl.  Baneberry Potion ) est vraisemblablement un poison fait à partir d'actée en épi.;Poison;Poison;Intermédiaire;Liquide;Rouge;;['Actée en épi'];Harry Potter Trading Card Game;https://static.wikia.nocookie.net/harrypotter/images/0/05/Potion_d%27Act%C3%A9e_en_%C3%A9pi.jpg/revision/latest?cb=20151123213442&path-prefix=fr
Potion affaiblissante;https://harrypotter.fandom.com/fr/wiki/Potion_affaiblissante;La potion affaiblissante (  angl.  Weakness Potion ) est une potion qui affaiblit physiquement et mentalement le buveur.;Affaiblit;Affaiblissant;Intermédiaire;Liquide;Jaune;;0;Harry Potter Trading Card Game;https://static.wikia.nocookie.net/harrypotter/images/4/46/Potion_affaiblissante.jpg/revision/latest?cb=20151116171804&path-prefix=fr
Potion d'Aiguise-Méninges;https://harrypotter.fandom.com/fr/wiki/Potion_d%27Aiguise-M%C3%A9ninges;La potion d'Aiguise-Méninges (  angl.  Wit-Sharpening Potion ) est probablement un breuvage magique qui permet à celui qui le boit de mieux réfléchir. Cette potion neutralise également les effets du sortilège de Confusion. La potion serait composé de divers ingrédients qui comprendraient entre...;Stimule la réflexion;Fortifiant;Débutant;Liquide;Violet;;['Poudre brune', 'Bile de tatou', 'Épine de porc-épic'];Harry Potter et la Coupe de Feu;https://static.wikia.nocookie.net/harrypotter/images/6/65/Potion_d%27Aiguise-M%C3%A9ninges.jpg/revision/latest/scale-to-width-down/350?cb=20170430122817&path-prefix=fr
Potion d'Amnésie;https://harrypotter.fandom.com/fr/wiki/Potion_d%27Amn%C3%A9sie;La potion d'Amnésie (  angl.  Forgetfulness Potion ) est un breuvage qui provoque une perte de mémoire chez celui qui en boit. La recette est présente dans le livre Potions magiques d'Arsenius Beaulitron. Ajouter 2 gouttes d'eau du fleuve Léthé dans le chaudron Faire chauffer à feu doux pendant...;Fait perdre la mémoire;Contrôle-mental;Débutant;Liquide;Rose;;['Eau du fleuve Léthé', 'Baie de gui', 'Ingrédient standard', 'Valériane'];Harry Potter à l'école des sorciers;https://static.wikia.nocookie.net/harrypotter/images/f/f8/Potion_d%27Amn%C3%A9sie.png/revision/latest?cb=20120419132106&path-prefix=fr
Onguent d'amnésie du Dr Oubbly;https://harrypotter.fandom.com/fr/wiki/Onguent_d%27amn%C3%A9sie_du_Dr_Oubbly;L'onguent d'amnésie du Dr Oubbly (  angl.  Dr. Ubbly's Oblivious Unction ) est une potion qui permet d'atténuer les effets des pensées. Madame Pomfresh applique de l'onguent d'amnésie du Dr Oubbly sur les blessures infligées par les tentacules de cerveau du Département des mystères. (  réf.  La...;Fait perdre la mémoire;Contrôle-mental;Intermédiaire;Liquide;Inconnue;Dr Oubbly;0;Harry Potter et l'Ordre du Phénix;
Amortentia;https://harrypotter.fandom.com/fr/wiki/Amortentia;L'Amortentia est le plus puissant philtre d'amour au monde. L'Amortentia peut être identifiée grâce à sa couleur nacrée, sa vapeur qui s'élève en spirales et l'odeur attirante qu'elle dégage, différente pour chacun. Horace Slughorn prépare quelques potions que les élèves devraient être capables...;Rend amoureux;Contrôle-mental;Avancé;Fumant;Nacré;;0;Harry Potter et le Prince de Sang-Mêlé;https://static.wikia.nocookie.net/harrypotter/images/0/05/Amortentia.jpg/revision/latest/scale-to-width-down/350?cb=20120406193500&path-prefix=fr
Philtre d'amour;https://harrypotter.fandom.com/fr/wiki/Philtre_d%27amour;Le philtre d'amour (  angl.  Love Potion ) est le nom générique de potions qui rendent temporairement le receveur amoureux du donneur. De nombreux philtres ont été créés par Laverne de Montmorency. Les œufs de Serpencendre gelés entrent dans la composition des philtres d'amour. Le philtre...;Rend amoureux;Contrôle-mental;Avancé;Liquide;Inconnue;Laverne de Montmorency;['Oeuf de Serpencendre', 'Poudre rouge sombre', 'Poudre bleue', 'Poudre jaune', 'Poudre verte'];Harry Potter et la Chambre des Secrets;https://static.wikia.nocookie.net/harrypotter/images/2/20/Philtre_d%27amour.png/revision/latest?cb=20170121121428&path-prefix=fr
Antidote à un philtre d'amour;https://harrypotter.fandom.com/fr/wiki/Antidote_%C3%A0_un_philtre_d%27amour;L'antidote à un philtre d'amour (  angl.  Love Potion Antidote ) est une potion permettant d'annuler les effets d'un philtre d'amour. Après que Ron a mangé des chocolats au philtre d'amour, Harry l'emmène chez le professeur Slughorn pour lui demander un antidote. Le professeur les laisse entrer...;Antidote aux philtres d'amour;Antidote;Intermédiaire;Liquide;Rose;;['Écorce de wiggentree', 'Huile de ricin', 'Extrait de Ravegourde'];Harry Potter et le Prince de Sang-Mêlé;https://static.wikia.nocookie.net/harrypotter/images/f/f2/Antidote_%C3%A0_un_philtre_d%27amour_2.jpg/revision/latest/scale-to-width-down/350?cb=20170430170529&path-prefix=fr
Onguent anti-brûlure;https://harrypotter.fandom.com/fr/wiki/Onguent_anti-br%C3%BBlure;L'onguent anti-brûlure (  angl.  Burn-Healing Paste ) est une potion de guérison qui est utilisée pour guérir les brûlures. D'après Harry Potter : Secret à Poudlard, cet onguent est inefficace pour guérir les brûlures engendrées par le sortilège maléfique Protego Diabolica. Dans Secret à...;Guérir les brûlures;Soin;Intermédiaire;Pateux;Orange;;0;Harry Potter et la Coupe de Feu;
Potion anti-feu;https://harrypotter.fandom.com/fr/wiki/Potion_anti-feu;La potion anti-feu (  angl.  Fire-Protection Potion ) est une potion qui protège son buveur contre les flammes pendant une courte durée. Potion des flammes noires Potion des flammes violettes;Protège du feu;Fortifiant;Avancé;Liquide;Inconnue;;0;Harry Potter et les Reliques de la Mort : 1ère partie (jeu);https://static.wikia.nocookie.net/harrypotter/images/b/b8/Effets_potion_anti-feu_2.jpg/revision/latest/scale-to-width-down/350?cb=20161015194138&path-prefix=fr
Solution anti-Nargoles;https://harrypotter.fandom.com/fr/wiki/Solution_anti-Nargoles;La solution anti-Nargoles (  angl.  Narglicide ) est une fausse potion censée repousser les Nargoles, des créatures imaginaires. Un jour, Philbert Chivers se rend à Slug & Jiggers et exige qu'on lui fournisse un produit contre les Nargoles. Pour se débarrasser de lui, Humphrey prend de vieilles...;Repousse les Nargoles;Affaiblissant;Débutant;Liquide;Multicolore;Humphrey Balsamo;['Potion raté'];Les Animaux Fantastiques : Enquêtes dans le Monde des Sorciers;https://static.wikia.nocookie.net/harrypotter/images/0/03/Solution_anti-Nargoles.jpg/revision/latest/scale-to-width-down/350?cb=20170425163406&path-prefix=fr
Potion anti-paralysie;https://harrypotter.fandom.com/fr/wiki/Potion_anti-paralysie;La potion anti-paralysie (  angl.  Anti-Paralysis Potion ) soignant la paralysie de celui qui la boit. De la potion anti-paralysie est vendue à la boutique de l'apothicaire sur le Chemin de Traverse pour vingt mornilles.;Empêche la paralysie;Fortifiant;Intermédiaire;Liquide;Rose;;0;Harry Potter et la Chambre des Secrets (jeu);https://static.wikia.nocookie.net/harrypotter/images/c/ce/Potion_anti-paralysie.png/revision/latest?cb=20170512125324&path-prefix=fr
Antidote au Veritaserum;https://harrypotter.fandom.com/fr/wiki/Antidote_au_Veritaserum;L'antidote au Veritaserum (  angl.  antidote to Veritaserum ) permet de contrer les effets du Veritaserum. Quand Dumbledore demande à Harry de récupérer le souvenir d'Horace Slughorn au sujet de Tom Jedusor, Harry réplique qu'il serait plus simple d'utiliser du Veritaserum, ce à quoi Dumbledore...;Antidote au Veritaserum;Antidote;Avancé;Liquide;Inconnue;;0;Harry Potter et le Prince de Sang-Mêlé;
Philtre d'apathie;https://harrypotter.fandom.com/fr/wiki/Philtre_d%27apathie;Le philtre d'apathie (  angl.  Dawdle Draught ) est une potion magique qui réduit les chances qu'un Sceau disparaisse avec le Retrouvable, ce qui donne plus d'occasions de terminer le trace. Cette potion était préparée et utilisée par les sorciers et sorcières volontaires employés par le Groupe...;Réduit les chances qu'un Sceau disparaisse avec le Retrouvable;Chance;Avancé;Liquide;Orange;;"['Fève sopophorique', 'Caramel au beurre', ""Carapace de bernard-l'ermite"", 'Valériane']";Harry Potter: Wizards Unite;https://static.wikia.nocookie.net/harrypotter/images/b/b6/Dawdle_Draught.png/revision/latest?cb=20190805165933&path-prefix=fr
Potion d'apocyn;https://harrypotter.fandom.com/fr/wiki/Potion_d%27apocyn;La potion d'apocyn (  angl.  Dogbane Potion ) est vraisemblablement un poison pour animaux fait à partir d'apocyn.;Poison pour animaux;Poison;Intermédiaire;Liquide;Violet;;['Apocyn'];Harry Potter Trading Card Game;https://static.wikia.nocookie.net/harrypotter/images/2/24/Potion_d%27apocyn.jpg/revision/latest?cb=20151123203614&path-prefix=fr
Baume d'asclépiade tubéreuse;https://harrypotter.fandom.com/fr/wiki/Baume_d%27ascl%C3%A9piade_tub%C3%A9reuse;Le baume d'asclépiade tubéreuse (  angl.  Butterfly Weed Balm ) est un baume médicinal probablement fait à partir d'asclépiade tubéreuse.;Soigne;Soin;Intermédiaire;Liquide;Blanc;;['Asclépiade tubéreuse'];Harry Potter Trading Card Game;https://static.wikia.nocookie.net/harrypotter/images/8/85/Baume_d%27ascl%C3%A9piade_tub%C3%A9reuse.jpg/revision/latest?cb=20151113153004&path-prefix=fr
Potion aveuglante;https://harrypotter.fandom.com/fr/wiki/Potion_aveuglante;La potion aveuglante (  angl.  Mopsus Potion ) est une potion qui a pour effet d'aveugler. La potion Oculus permet probablement d'annuler les effets de cette potion.;Aveugle;Affaiblissant;Intermédiaire;Liquide;Vert;;0;Harry Potter Trading Card Game;https://static.wikia.nocookie.net/harrypotter/images/a/a1/Potion_aveuglante.jpg/revision/latest/scale-to-width-down/350?cb=20151119234516&path-prefix=fr
Potion de Babillage;https://harrypotter.fandom.com/fr/wiki/Potion_de_Babillage;La potion de Babillage (  angl.  Babbling Beverage ) est un breuvage magique qui provoque chez le buveur des propos insensés. Dans le jeu Harry Potter : Secret à Poudlard, le cadet de Jacob peut apprendre comment concocter cette potion avec l'aide de son préfet. Le cadet teste d'ailleurs sa...;Produit des propos insensés;Contrôle-mental;Intermédiaire;Liquide;Orange;;['Aconit'];Harry Potter et l'Ordre du Phénix;https://static.wikia.nocookie.net/harrypotter/images/c/c5/Potion_de_Babillage.png/revision/latest?cb=20200505154956&path-prefix=fr
Goutte Baillon;https://harrypotter.fandom.com/fr/wiki/Goutte_Baillon;La Goutte Baillon (  angl.  Muffling Draught ) est une potion qui empêche le buveur de parler. Ses vapeurs suffisent à ce que la personne l'utilisant en ressente les effets.;Empêche de parler;Contrôle-mental;Intermédiaire;Fumant;Bleu;;0;Harry Potter Trading Card Game;https://static.wikia.nocookie.net/harrypotter/images/b/b3/Goutte_Baillon.jpg/revision/latest?cb=20151125144118&path-prefix=fr
Baume pour le bec;https://harrypotter.fandom.com/fr/wiki/Baume_pour_le_bec;Le baume pour le bec (  angl.  Beak Balm ) est un produit curatif pour le bec de certaines créatures magiques. D'après le site officiel de MinaLima, ce baume est à appliquer avec une cuillère à café sur la zone endommagée du bec et ce, toutes les heures jusqu'à guérison. Si l'infection persiste...;Soigne;Soin;Débutant;Liquide;Noir;;0;Les Animaux fantastiques (film);https://static.wikia.nocookie.net/harrypotter/images/e/e4/Baume_pour_le_bec.jpg/revision/latest?cb=20231202095040&path-prefix=fr
Potion de beauté;https://harrypotter.fandom.com/fr/wiki/Potion_de_beaut%C3%A9;Une potion de beauté (  angl.  Beautifying Potion ou Beautification Potion ) est le nom générique de potions magiques qui permettent de modifier son physique. Sacharissa Tugwood est la pionnière des potions de beauté. Les potions de beauté peuvent être de deux types : Elles peuvent permettre de...;Rend séduisant;Métamorphose;Avancé;Liquide;Variable;Zygmunt Budge;['Rosée du matin', 'Pétales de rose', 'Alchémille', 'Crin de licorne', 'Gingembre', 'Aile de fée'];Harry Potter et la Chambre des Secrets (jeu);https://static.wikia.nocookie.net/harrypotter/images/9/92/Potion_de_beaut%C3%A9.png/revision/latest?cb=20150227101000&path-prefix=fr
Potion bombœil;https://harrypotter.fandom.com/fr/wiki/Potion_bomb%C5%93il;Le potion bombœil (  angl.  Bulgeye Potion ) est une potion qui affecte probablement la vue.;Aveugle;Affaiblissant;Intermédiaire;Liquide;Vert;;0;Harry Potter Trading Card Game;https://static.wikia.nocookie.net/harrypotter/images/9/90/Potion_bomb%C5%93il.jpg/revision/latest?cb=20151122125751&path-prefix=fr
Philtre Calmant;https://harrypotter.fandom.com/fr/wiki/Philtre_Calmant;Le philtre Calmant (  angl.  Calming Draught ) est une potion utilisée pour détendre une personne stressée ou en état de choc. À l'approche des BUSE, Hannah Abbot fond en larmes pendant un cours de botanique et geint qu'elle est trop stupide pour réussir ses examens et demande à quitter l'école...;Détend;Soin;Intermédiaire;Liquide;Bleu;;['Lavande', 'Cœur de crocodile', 'Menthe'];Harry Potter et l'Ordre du Phénix;https://static.wikia.nocookie.net/harrypotter/images/0/02/Filtre_calmant.jpg/revision/latest?cb=20190722085507&path-prefix=fr
Potion Capillours;https://harrypotter.fandom.com/fr/wiki/Potion_Capillours;La potion Capillours (  angl.  Manegro Potion ) est une potion qui fait pousser les cheveux du buveur à grande vitesse. Dans la version anglaise, Manegro est probablement composé de deux termes anglais : mane signifiant « crinière (d'un lion, d'un cheval) » et grow (« pousser, grossir...;Fait pousser les cheveux;Fortifiant;Débutant;Liquide;Marron;;0;Harry Potter Trading Card Game;https://static.wikia.nocookie.net/harrypotter/images/5/52/Potion_Capillours.jpg/revision/latest?cb=20151125144009&path-prefix=fr
Élixir Cérébral de Baruffio;https://harrypotter.fandom.com/fr/wiki/%C3%89lixir_C%C3%A9r%C3%A9bral_de_Baruffio;L'Élixir Cérébral de Baruffio (  angl.  Baruffio's Brain Elixir ) est une potion destinée à augmenter la concentration et l'agilité mentale et à diminuer le besoin de sommeil. Eddie Carmichael fait du marché noir avec une bouteille d'Élixir Cérébral de Baruffio qu'il essaie de vendre à des...;Stimule la concentration;Fortifiant;Avancé;Liquide;Incolore;Baruffio;['Oeuf de Runespoor', 'Champignon vénéneux sauteur', 'Cerveau de grenouille', 'Griffe de dragon'];Harry Potter et l'Ordre du Phénix;https://static.wikia.nocookie.net/harrypotter/images/7/79/%C3%89lixir_C%C3%A9r%C3%A9bral_de_Baruffio.jpg/revision/latest/scale-to-width-down/306?cb=20170418161019&path-prefix=fr
Breuvage de champignon mortel;https://harrypotter.fandom.com/fr/wiki/Breuvage_de_champignon_mortel;Le breuvage de champignon mortel (  angl.  Death-Cap Draught ) est un poison probablement fait à partir de calice de la mort.;Poison;Poison;Intermédiaire;Liquide;Rouge;;['Calice de la mort'];Harry Potter Trading Card Game;https://static.wikia.nocookie.net/harrypotter/images/e/e9/Philtre_du_Calice_de_la_Mort.jpg/revision/latest?cb=20151125185503&path-prefix=fr
Baume de chiendent étoilé;https://harrypotter.fandom.com/fr/wiki/Baume_de_chiendent_%C3%A9toil%C3%A9;La baume de chiendent étoilé (  angl.  Star Grass Salve ) est un baume vraisemblablement fait à partir de chiendent étoilé.;Soigne;Soin;Intermédiaire;Liquide;Vert;;['Chiendent étoilé'];Harry Potter Trading Card Game;https://static.wikia.nocookie.net/harrypotter/images/a/a7/Baume_de_chiendent_%C3%A9toil%C3%A9.jpg/revision/latest?cb=20151123214755&path-prefix=fr
Cirage à cornes revigorant;https://harrypotter.fandom.com/fr/wiki/Cirage_%C3%A0_cornes_revigorant;Le cirage à cornes revigorant (  angl.  Healthy Horn Polish ) est une potion soignante pour les cornes de créatures magiques. Il est particulièrement efficace pour les cornes d'Éruptif, de Grapcorne, de Re'em et de Tébo. Norbert Dragonneau en possède dans sa valise.;Soigne;Soin;Intermédiaire;Liquide;Inconnue;;0;Les Animaux fantastiques (film);https://static.wikia.nocookie.net/harrypotter/images/3/36/Cirage_%C3%A0_cornes_revigorant.jpg/revision/latest?cb=20161114164255&path-prefix=fr
Philtre de Confusion;https://harrypotter.fandom.com/fr/wiki/Philtre_de_Confusion;Le philtre de Confusion (  angl.  Confusing Concoction ou Confusing Draught ) est une potion qui incite à des conduites impétueuses et téméraires, tout comme le philtre d'Embrouille. Les élèves de troisième année doivent préparer pour leur épreuve de potions un philtre d'Embrouille. Harry Potter...;Incite à des conduites impétueuses et téméraires;Contrôle-mental;Débutant;Liquide;Inconnue;;['Cranson officinal', 'Livèche', 'Achillée sternutatoire'];Harry Potter et le prisonnier d'Azkaban;
Potion crache-flammes;https://harrypotter.fandom.com/fr/wiki/Potion_crache-flammes;La potion crache-flammes (  angl.  Fire-Breathing Potion ) est une potion dangereuse qui peut faire cracher du feu à un individu. Rubeus Hagrid demande au cadet de Jacob de l'aider à concocter cette potion pour libérer son chien des Filets du Diable. Quand le cadet de Jacob demande à Severus...;Fait cracher des flammes;Pouvoir quelconque;Débutant;Liquide;Rouge;;['Lavande', 'Menthe', 'Graine de feu', 'Corne de dragon', 'Valériane'];Harry Potter : Secret à Poudlard;https://static.wikia.nocookie.net/harrypotter/images/f/fa/Potion_de_Souffle_de_Feu_2.png/revision/latest?cb=20180506080315&path-prefix=fr
Philtre Dégonflant;https://harrypotter.fandom.com/fr/wiki/Philtre_D%C3%A9gonflant;Le philtre Dégonflant (  angl.  Deflating Draught ) est une potion qui sert d'antidote à la potion d'Enflure. Harry Potter a fait exploser un pétard du Dr Flibuste dans le chaudron de Gregory Goyle qui contenait de la potion d'Enflure. Hermione Granger profite de la diversion pour sortir de la...;Antidote à enflure;Antidote;Avancé;Liquide;Inconnue;;0;Harry Potter et la Chambre des Secrets;
Goutte désopilante;https://harrypotter.fandom.com/fr/wiki/Goutte_d%C3%A9sopilante;La goutte désopilante (  angl.  Alihotsy Draught ) est une potion qui provoque l'hystérie.;Rend hystérique;Hallucinogène;Débutant;Liquide;Blanc;;['Alihotsy'];Harry Potter Trading Card Game;https://static.wikia.nocookie.net/harrypotter/images/c/c4/Goutte_d%C3%A9sopilante.png/revision/latest?cb=20151123203503&path-prefix=fr
Essence de dictame;https://harrypotter.fandom.com/fr/wiki/Essence_de_dictame;L'essence de dictame (  angl.  essence of dittany ) est une potion qui permet de soigner les plaies. Il ne suffit que de quelques gouttes pour que la plaie se referme, comme si elle datait de plusieurs jours, laissant place à une peau neuve. Lorsqu'elle agit, une fumée verdâtre s'élève. Hermione...;Soigne;Soin;Débutant;Liquide;Noir;;['Dictame'];Harry Potter et les Reliques de la Mort;https://static.wikia.nocookie.net/harrypotter/images/6/61/Essence_de_dictame.jpg/revision/latest?cb=20180424174607&path-prefix=fr
Doxycide;https://harrypotter.fandom.com/fr/wiki/Doxycide;Le Doxycide est une potion de couleur noire qui s'applique avec un pulvérisateur. Il sert à éliminer les Doxys qui peuvent peupler les maisons. Il les paralyse temporairement, ce qui permet aux sorciers de s'en débarrasser sans risquer de se faire mordre. Mettre cinq mesures de Bandimon dans le...;Paralyse les Doxys;Contrôle-mental;Débutant;Liquide;Noir;Zygmunt Budge;['Bandimon', 'Foie de dragon', 'Musard', 'Essence de chassevache', 'Essence de ciguë', 'Teinture de tormentille'];Harry Potter et l'Ordre du Phénix;https://static.wikia.nocookie.net/harrypotter/images/8/8c/Doxycide_Pottermore.png/revision/latest?cb=20150215121357&path-prefix=fr
Poison de dragon;https://harrypotter.fandom.com/fr/wiki/Poison_de_dragon;Le poison de dragon (  angl.  Dragon Poison ) est un poison probablement fait à partir de parties de dragon.;Poison;Poison;Avancé;Liquide;Jaune;;['Partie de dragon'];Harry Potter Trading Card Game;https://static.wikia.nocookie.net/harrypotter/images/5/5c/Poison_Dragon.jpg/revision/latest?cb=20151113152858&path-prefix=fr
Dragonfortant;https://harrypotter.fandom.com/fr/wiki/Dragonfortant;Le Dragonfortant (  angl.  Dragon Tonic ) est une potion médicinale pour dragons. En 1992, d'après le jeu Harry Potter à l'école des sorciers sur PS1, Hagrid concocte du Dragonfortant qu'il donne à son dragon Norbert qui ne se sent pas bien.;Soigne les dragons;Soin;Avancé;Liquide;Inconnue;;['Plume de paon', 'Plume de hibou grand-duc', 'Verrue de crapaud violet géant'];Harry Potter à l'école des sorciers (jeu);
Efface-Boutons dix secondes garanties;https://harrypotter.fandom.com/fr/wiki/Efface-Boutons_dix_secondes_garanties;L'Efface-Boutons dix secondes garanties (  angl.  Guaranted Ten-Second Pimple Vanisher ) est une potion vendue chez Weasley, Farces pour sorciers facétieux. Chez Weasley, Farces pour sorciers facétieux, Ginny essaye de détourner l'attention de ses frères Fred et George qui lui posent des...;Soin du visage;Soin;Intermédiaire;Liquide;Rouge;;0;Harry Potter et le Prince de Sang-Mêlé;https://static.wikia.nocookie.net/harrypotter/images/d/de/Efface-Boutons_dix_secondes_garanties.jpg/revision/latest?cb=20160427153603&path-prefix=fr
Philtre d'Embrouille;https://harrypotter.fandom.com/fr/wiki/Philtre_d%27Embrouille;Le philtre d'Embrouille (  angl.  Befuddlement Draught ) est une potion qui incite à des conduites impétueuses et téméraires, tout comme le philtre de Confusion. Dans un chaudron rempli d'eau et sur le feu : Ajouter du cranson officinal Ajouter de la livèche Ajouter de l'achillée sternutatoire...;Incite à des conduites impétueuses et téméraires;Contrôle-mental;Intermédiaire;Liquide;Vert;;['Cranson officinal', 'Livèche', 'Achillée sternutatoire'];Harry Potter et l'Ordre du Phénix;https://static.wikia.nocookie.net/harrypotter/images/d/de/Philtre_d%27Embrouille.jpg/revision/latest?cb=20151201180656&path-prefix=fr
Potion d'Enflure;https://harrypotter.fandom.com/fr/wiki/Potion_d%27Enflure;La potion d'Enflure (  angl.  Swelling Solution ) est une potion qui fait enfler la personne visée. Ajouter 2 mesures d'orties séchées dans le mortier. Ajouter 3 yeux de poisson dans le mortier. Écraser avec le pilon jusqu'à l'obtention d'une poudre moyenne à fine. Ajouter 2 mesures du mélange...;Fait enfler;Affaiblissant;Débutant;Liquide;Orange;;['Oeil de poissons', 'Ortie séchée', 'Foie de chauve-souris'];Harry Potter et la Chambre des Secrets;https://static.wikia.nocookie.net/harrypotter/images/1/10/Potion_d%27Enflure.jpg/revision/latest?cb=20120403163238&path-prefix=fr
Engrais;https://harrypotter.fandom.com/fr/wiki/Engrais;L'engrais (  angl.  fertiliser ), que l'on appelle aussi fertilisant, est une potion assurant une meilleure croissance aux plantes. L'engrais est souvent utilisé en botanique pour assurer une meilleure croissance aux plantes. Une fois préparé, si l'engrais est mélangé à de la bouse de dragon à...;Fertilise;Jardin;Intermédiaire;Liquide;Vert;;['Poudre rouge sombre', 'Oeil de Boullu', 'Bouse de dragon', 'Os', 'Algue sèche', 'Cervelle de paresseux', 'Hippocampe volant', 'Liquide blanc', 'Thorax de libellules grillés', 'Rate de rat', 'Mandragore'];Harry Potter et la Chambre des Secrets;https://static.wikia.nocookie.net/harrypotter/images/5/5c/Engrais_2.jpg/revision/latest/scale-to-width-down/350?cb=20170430201707&path-prefix=fr
Élixir éternel;https://harrypotter.fandom.com/fr/wiki/%C3%89lixir_%C3%A9ternel;L'élixir éternel (  angl.  Everlasting Elixir ) est une potion traitée dans le Manuel avancé de préparation des potions et étudiée en sixième année en cours de potions à Poudlard. Harry Potter étudie à la bibliothèque de Poudlard avec Hermione Granger. Il prend des notes sur les élixirs éternels...;Rend éternel les objets;Fortifiant;Avancé;Liquide;Inconnue;;0;Harry Potter et le Prince de Sang-Mêlé;
Élixir d'Euphorie;https://harrypotter.fandom.com/fr/wiki/%C3%89lixir_d%27Euphorie;L'élixir d'Euphorie (  angl.  Elixir to Induce Euphoria ) est une potion qui met le buveur de bonne humeur. Les effets secondaires qui consistent à donner un peu trop envie de chanter et de tordre le nez d'autrui peuvent être atténués en ajoutant de la menthe. Dans un chaudron rempli d'eau et...;Rend de bonne humeur;Fortifiant;Intermédiaire;Liquide;Jaune;;['Épine de porc-épic', 'Menthe', 'Fève sopophorique', 'Figue', 'Armoise'];Harry Potter et le Prince de Sang-Mêlé;https://static.wikia.nocookie.net/harrypotter/images/4/40/%C3%89lixir_d%27Euphorie.jpg/revision/latest/scale-to-width-down/350?cb=20151204190227&path-prefix=fr
Everklena;https://harrypotter.fandom.com/fr/wiki/Everklena;Everklena est une potion sous forme de vaporisateur inventée par Erica Stainwright. Vendue dans les années 1950, cette potion prétendait être un nettoyant efficace, mais son inventrice connut la honte lorsque l'on découvrit qu'elle apportait crasse et moisissures.;Salit;Outil;Intermédiaire;Liquide;Incolore;Erica Stainwright;0;Site officiel de J.K. Rowling;https://static.wikia.nocookie.net/harrypotter/images/f/fd/Everklena.jpg/revision/latest?cb=20160330195650&path-prefix=fr
Potion explosive;https://harrypotter.fandom.com/fr/wiki/Potion_explosive;La potion explosive (  angl.  Exploding Potion ) est une potion rare et très instable. Si elle est manipulée sans soin, elle peut exploser à tout moment.;Explose;Effet externe;Avancé;Liquide;Bleu;;0;Harry Potter et les Reliques de la Mort : 1ère partie (jeu);https://static.wikia.nocookie.net/harrypotter/images/b/ba/Potion_explosive.jpg/revision/latest?cb=20161013160319&path-prefix=fr
Potion exstimulo;https://harrypotter.fandom.com/fr/wiki/Potion_exstimulo;La potion exstimulo (  angl.  Exstimulo Potion ) est une potion magique qui permet d'améliorer les incantations dans les traces et les défis de sorciers. La Potion exstimulo renforcée et la Potion exstimulo puissante sont des variantes significativement plus puissante de cette potion. Cette...;Améliore les incantations dans les traces et les défis de sorciers;Fortifiant;Débutant;Liquide;Bleu;;"['Lewisie', ""Sang de Re'em"", 'Perce-neige', 'Poil de gronian']";Harry Potter: Wizards Unite;https://static.wikia.nocookie.net/harrypotter/images/0/05/Potion_exstimulo.jpg/revision/latest/scale-to-width-down/350?cb=20190804123135&path-prefix=fr
Vapeurs de fatigue;https://harrypotter.fandom.com/fr/wiki/Vapeurs_de_fatigue;Les vapeurs de fatigue (  angl.  Fatiguing Fusion ) est une potion qui épuise celui qui la boit. Le simple fait d'en inhaler les vapeurs est suffisant pour provoquer la fatigue.;Fatigue;Affaiblissant;Intermédiaire;Liquide;Vert;;0;Harry Potter Trading Card Game;https://static.wikia.nocookie.net/harrypotter/images/7/79/Vapeurs_de_fatigue.jpg/revision/latest?cb=20151125152017&path-prefix=fr
Felix Felicis;https://harrypotter.fandom.com/fr/wiki/Felix_Felicis;Felix Felicis, aussi appelé chance liquide, est une potion qui procure temporairement au buveur une chance exceptionnelle. Elle fut inventée au seizième siècle par le sorcier Zygmunt Budge. Le Felix Felicis est une potion très difficile à préparer. Il faut prévoir six mois pour la préparer. Il...;Rend chanceux;Chance;Avancé;Liquide;Doré;Zygmunt Budge;"['Oeuf de Serpencendre', 'Raifort', 'Bulbe de scille', 'Tentacules de Murlap', 'Alcoolature dethym', ""Oeuf d'Occamy"", 'Poudre de Ruta']";Harry Potter et le Prince de Sang-Mêlé;https://static.wikia.nocookie.net/harrypotter/images/7/7a/Felix_Felicis_Pottermore.jpg/revision/latest?cb=20160225133503&path-prefix=fr
Potion des flammes noires;https://harrypotter.fandom.com/fr/wiki/Potion_des_flammes_noires;La potion des flammes noires (  angl.  Black Fire Potion ), aussi appelée potion de protection contre le feu (  angl.  Fire Protection Potion ) ou potion de glace (  angl.  Ice Potion ) est une potion qui permet à celui qui la boit de passer au travers d'un brasier obscur sans se brûler. Severus...;Protège d'un brasier obscur;Fortifiant;Avancé;Liquide;Bleu;;0;Harry Potter à l'école des sorciers;https://static.wikia.nocookie.net/harrypotter/images/6/64/Potion_des_flammes_noires.jpg/revision/latest?cb=20151124111854&path-prefix=fr
Potion des flammes violettes;https://harrypotter.fandom.com/fr/wiki/Potion_des_flammes_violettes;La potion des flammes violettes est une potion qui permet à celui qui la boit de passer au travers de flammes violettes sans se brûler. Severus Rogue prépare cette potion pour pouvoir passer les flammes violettes qui font partie des protections de la Pierre philosophale. Dans la nuit du 4 au 5...;Protège des flammes violettes;Fortifiant;Avancé;Liquide;Violet;;0;Harry Potter à l'école des sorciers;https://static.wikia.nocookie.net/harrypotter/images/a/a5/Potion_des_flammes_violettes.jpg/revision/latest?cb=20151124130908&path-prefix=fr
Solution de Force;https://harrypotter.fandom.com/fr/wiki/Solution_de_Force;La solution de Force (  angl.  Strengthening Solution ) est une potion qui augmente probablement la force de celui qui la boit. Deux jours sont nécessaires pour préparer une potion de Force efficace.[réf. nécessaire] Les élèves de cinquième année préparent une solution de Force en cours de...;Augmente la force;Fortifiant;Intermédiaire;Liquide;Inconnue;;['Sang de salamandre', 'Ongle de griffon'];Harry Potter et l'Ordre du Phénix;
Potion fortifiante;https://harrypotter.fandom.com/fr/wiki/Potion_fortifiante;La potion fortifiante (  angl.  Girding Potion ) est une potion redonnant des forces à celui qui la boit. À Poudlard, cette potion est enseignée aux élèves de troisième année. Dans un chaudron rempli d'eau et sur le feu : Ajouter une aile de fée pour que la potion devienne verte. Chauffer...;Augmente la force;Fortifiant;Intermédiaire;Liquide;Rouge;;['Hippocampe volant', 'Thorax de libellules grillés', 'Aile de fée', 'Oeuf de Doxy'];Harry Potter et le prisonnier d'Azkaban (jeu);https://static.wikia.nocookie.net/harrypotter/images/b/be/Potion_fortifiante.jpg/revision/latest/scale-to-width-down/350?cb=20170430122816&path-prefix=fr
Potions à base de fromage;https://harrypotter.fandom.com/fr/wiki/Potions_%C3%A0_base_de_fromage;Des potions à base de fromage (  angl.  Cheese-Based Potions ) sont, comme leur nom l'indique, des potions dont l'ingrédient principal est le fromage.;Nourrit;Fortifiant;Débutant;Liquide;Jaune;;['Fromage'];Site officiel de J.K. Rowling;
Potion fungiface;https://harrypotter.fandom.com/fr/wiki/Potion_fungiface;La potion fungiface (  angl.  Fungiface Potion ) est une potion qui fait pousser des champignons sur le visage de la personne ou de la créature qui la boit.;Fait pousser des champignons sur le visage;Poison;Débutant;Liquide;Rose;;0;Harry Potter Trading Card Game;https://static.wikia.nocookie.net/harrypotter/images/b/bc/Potion_fungiface.jpg/revision/latest?cb=20151124164901&path-prefix=fr
Remède contre les furoncles;https://harrypotter.fandom.com/fr/wiki/Rem%C3%A8de_contre_les_furoncles;Le remède contre les furoncles (  angl.  Cure for Boils ) est, comme son nom l'indique, une potion qui permet de soigner les furoncles. Elle annule également les effets du sortilège de Furonculose. Ajouter 6 crochets de serpent dans le mortier. Écraser à l'aide du pilon pour obtenir une poudre...;Soigne les furoncles;Soin;Débutant;Liquide;Bleu;;['Épine de porc-épic', 'Poudre verte', 'Ortie séchée', 'Limace à cornes', 'Mucus de Veracrasse', 'Liquide brun', 'Crochet de serpent'];Harry Potter à l'école des sorciers;https://static.wikia.nocookie.net/harrypotter/images/b/b0/Rem%C3%A8de_contre_les_furoncles.png/revision/latest?cb=20170227113722&path-prefix=fr
Gaz Étrangleur;https://harrypotter.fandom.com/fr/wiki/Gaz_%C3%89trangleur;Le Gaz Étrangleur (  angl.  Garrotting Gas ) est une potion qui répand un nuage de gaz faisant s'évanouir toute personne se trouvant dans son rayon d'action. Fred et George Weasley prévoient de lâcher du Gaz Étrangleur dans Poudlard avant de s'enfuir de l'école, mais finissent par abandonner...;Provoque un évanouissement;Hallucinogène;Débutant;Liquide;Vert;;0;Harry Potter et l'Ordre du Phénix;https://static.wikia.nocookie.net/harrypotter/images/2/26/Gaz_%C3%89trangleur.jpg/revision/latest?cb=20161013160318&path-prefix=fr
Potion de Haine;https://harrypotter.fandom.com/fr/wiki/Potion_de_Haine;La Potion de Haine (  angl.  Hate Potion ) est une potion qui révèle les pires défauts et habitudes d'une personne visée aux yeux du buveur. D'après The Daily Prophet newsletters, au cours des années 1990, la Gazette du sorcier conseille cette potion aux sorcières et sorciers qui voudraient se...;Révèle les défauts;Contrôle-mental;Débutant;Liquide;Inconnue;;0;The Daily Prophet newsletters;
Potion d'haleine de chien;https://harrypotter.fandom.com/fr/wiki/Potion_d%27haleine_de_chien;La potion d'haleine de chien (  angl.  Dogbreath Potion ) est un breuvage magique qui donne au buveur un souffle de feu temporaire.;Provoque un souffle de feu;Pouvoir quelconque;Intermédiaire;Liquide;Violet;;0;Harry Potter Trading Card Game;https://static.wikia.nocookie.net/harrypotter/images/0/04/Potion_d%27haleine_de_chien.jpg/revision/latest?cb=20120404190127&path-prefix=fr
Herbicide;https://harrypotter.fandom.com/fr/wiki/Herbicide;L'Herbicide est une potion qui est utilisée pour tuer ou abîmer les plantes. La recette est présente dans le livre Potions magiques d'Arsenius Beaulitron. Ajouter quatre échines de poisson-diable dans le mortier Écraser à l'aide du pilon pour obtenir une poudre grossière Ajouter deux mesures de...;Détruit les plantes;Poison;Débutant;Liquide;Vert;;['Ingrédient standard', 'Mucus de Veracrasse', 'Jus de Horglup', 'Épine de poisson-diable'];Harry Potter à l'école des sorciers (jeu);https://static.wikia.nocookie.net/harrypotter/images/d/d0/Herbicide.png/revision/latest?cb=20120415122720&path-prefix=fr
Potion à Hérisser les Cheveux;https://harrypotter.fandom.com/fr/wiki/Potion_%C3%A0_H%C3%A9risser_les_Cheveux;La potion à Hérisser les Cheveux (  angl.  Hair-Raising Potion ), parfois appelée potion pour la pousse des cheveux, est une potion qui fait dresser les cheveux sur la tête. Severus Rogue donne un devoir de potions aux élèves de deuxième année qui concerne la potion à Hérisser les Cheveux. La...;Fait dresser les cheveux sur la tête;Pouvoir quelconque;Intermédiaire;Liquide;Vert;;['Queue de rat'];Harry Potter et la Chambre des Secrets;https://static.wikia.nocookie.net/harrypotter/images/3/3b/Hair-Raising_Potion.jpg/revision/latest?cb=20120403162645&path-prefix=fr
Potion d'Hilarité;https://harrypotter.fandom.com/fr/wiki/Potion_d%27Hilarit%C3%A9;La potion d'Hilarité provoque une incontrôlable hilarité. Cette potion requiert une grande finesse. Mal préparée, les résultats peuvent varier d'une folie hystérique à une profonde et inconsolable mélancolie.;Rend hilare;Affaiblissant;Intermédiaire;Liquide;Inconnue;;0;Wonderbook : Le Livre des Potions;
Décoction Hoqueteuse;https://harrypotter.fandom.com/fr/wiki/D%C3%A9coction_Hoqueteuse;Malefoy rangeait déjà ses affaires, la mine grincheuse. Slughorn avait qualifié sa décoction Hoqueteuse de simplement passable.Cours de potions La décoction Hoqueteuse (  angl.  Hiccoughing Solution ) est une potion qui provoque probablement le hoquet. Le jour du permis de transplanage, seuls...;Provoque le hoquet;Affaiblissant;Intermédiaire;Liquide;Jaune;;0;Harry Potter et le Prince de Sang-Mêlé;https://static.wikia.nocookie.net/harrypotter/images/4/4f/D%C3%A9coction_Hoqueteuse.png/revision/latest?cb=20150718132306&path-prefix=fr
Infusion infecte;https://harrypotter.fandom.com/fr/wiki/Infusion_infecte;L'infusion infecte (  angl.  Foul Brew ) est un mélange de plusieurs ingrédients de potions nauséabonds. Drago Malefoy semble être en mesure de la préparer. Parmi ses ingrédients figurent des champignons et des plumes.;Poison;Poison;Intermédiaire;Liquide;Vert;;['Champignon', 'Plume'];Harry Potter Trading Card Game;https://static.wikia.nocookie.net/harrypotter/images/8/8e/Infusion_infecte.jpg/revision/latest?cb=20120404161936&path-prefix=fr
Potion jaillissante;https://harrypotter.fandom.com/fr/wiki/Potion_jaillissante;La potion jaillissante (  angl.  Erumpent Potion ) est une potion aux effets vraisemblablement dangereux.;Dangereux;Effet externe;Débutant;Liquide;Vert;;['Éruptif'];Harry Potter Trading Card Game;https://static.wikia.nocookie.net/harrypotter/images/4/4e/Potion_jaillissante.jpg/revision/latest?cb=20151115113133&path-prefix=fr
Baume de lewisie brûlante;https://harrypotter.fandom.com/fr/wiki/Baume_de_lewisie_br%C3%BBlante;Le baume de lewisie brûlante (  angl.  Burning Bitterroot Balm ) est probablement un médicament magique.;Soigne;Soin;Avancé;Liquide;Bleu;;['Lewisie'];Harry Potter Trading Card Game;https://static.wikia.nocookie.net/harrypotter/images/7/74/Baume_de_lewisie_br%C3%BBlante.jpg/revision/latest?cb=20151128140146&path-prefix=fr
Potion capillaire Lissenplis;https://harrypotter.fandom.com/fr/wiki/Potion_capillaire_Lissenplis;La potion capillaire Lissenplis (  angl.  Sleekeazy's Hair Potion ) est une potion qui permet de rendre les cheveux lisses et soyeux. Selon Harry Potter, le coffret ultime, la potion Lissenplis est fabriquée en Chine. Selon le même coffret, cette potion est créée à base de Gomas Barbadensis, de...;Permet de rendre les cheveux lisses et soyeux;Fortifiant;Intermédiaire;Liquide;Inconnue;Fleamont Potter;['Gomas Barbadensis', 'Cheveux de dragon asiatique', 'Gelée de pétrole'];Harry Potter et la Coupe de Feu;https://static.wikia.nocookie.net/harrypotter/images/0/02/Potion_capillaire_Lissenplis.jpg/revision/latest/scale-to-width-down/350?cb=20200406155832&path-prefix=fr
Élixir de longue vie;https://harrypotter.fandom.com/fr/wiki/%C3%89lixir_de_longue_vie;L'élixir de longue vie (  angl.  Elixir of Life ) est un breuvage magique qui prolonge l'existence de celui qui le boit. L'élixir de longue vie est fabriqué à partir de la Pierre philosophale. Il prolonge l'existence mais il doit être pris régulièrement pour maintenir son immortalité. Selon Les...;Prolonge l'existence;Fortifiant;Avancé;Liquide;Rose;;['Pierre philosophale'];Harry Potter à l'école des sorciers;https://static.wikia.nocookie.net/harrypotter/images/0/00/%C3%89lixir_de_longue_vie.jpg/revision/latest?cb=20160529093403&path-prefix=fr
Mélange malveillant;https://harrypotter.fandom.com/fr/wiki/M%C3%A9lange_malveillant;Le mélange malveillant (  angl.  Malevolent Mixture ) est un breuvage magique qui agit vraisemblablement comme un poison ou a d'autres effets néfastes.;Poison;Poison;Débutant;Liquide;Noir;;0;Harry Potter Trading Card Game;https://static.wikia.nocookie.net/harrypotter/images/f/f6/M%C3%A9lange_malveillant.jpg/revision/latest?cb=20151119201657&path-prefix=fr
Philtre régénérateur à la mandragore;https://harrypotter.fandom.com/fr/wiki/Philtre_r%C3%A9g%C3%A9n%C3%A9rateur_%C3%A0_la_mandragore;Le philtre régénérateur à la mandragore (  angl.  Mandrake Restorative Draught ) est une potion qui est fabriquée à partir de mandragores ayant atteint leur maturité et qui permet de guérir les personnes qui ont été pétrifiées. En 1992, Gilderoy Lockhart souhaite se charger de la préparation de...;Guérit ceux qui ont été pétrifiés;Antidote;Avancé;Liquide;Inconnue;;['Mandragore'];Harry Potter et la Chambre des Secrets;
Mélange de bouse de dragon et d'engrais;https://harrypotter.fandom.com/fr/wiki/M%C3%A9lange_de_bouse_de_dragon_et_d%27engrais;Le mélange de bouse de dragon et d'engrais (  angl.  mixture of dragon-dung and fertilisers ) est une expérience de Neville Londubat. Ce mélange a pour effet de provoquer la croissance d'une plante à une très grande vitesse, mais tout en lui donnant des proportions alarmantes. Vers le début de...;Fertilise;Jardin;Débutant;Liquide;Marron;Neville Londubat;['Bouse de dragon', 'Engrais'];Harry Potter et l'Ordre du Phénix (jeu);
Potion de Mémoire;https://harrypotter.fandom.com/fr/wiki/Potion_de_M%C3%A9moire;La potion de Mémoire (  angl.  Memory Potion ) est une potion qui permet à celui qui l'absorbe d'améliorer l'accès à ses souvenirs. D'après Harry Potter : Secret à Poudlard, les ingrédients nécessaires pour concocter la potion de Mémoire sont des feuilles d'alihotsy, de la menthe poivrée, de la...;Stimule la mémoire;Fortifiant;Avancé;Liquide;Doré;;"['Menthe', 'Perce-neige', 'Mandragore', ""Feuilles d'alihotsy"", ""Oeil d'anguille"", 'Sauge', 'Plume de Jobarbille']";Les Animaux fantastiques;https://static.wikia.nocookie.net/harrypotter/images/9/9b/Potion_de_M%C3%A9moire.jpg/revision/latest?cb=20161027184224&path-prefix=fr
Potion de Mort;https://harrypotter.fandom.com/fr/wiki/Potion_de_Mort;La potion de Mort (  angl.  Death potion ) est un liquide magique utilisé dans les Cellules de la mort du MACUSA. Selon le film Les Animaux fantastiques, la potion de Mort est un liquide noir et bouillonnant. Le MACUSA s'en sert dans ses cellules de condamnation à mort. Les bourreaux extraient...;Mortel;Poison;Intermédiaire;Liquide;Noir;;0;Les Animaux fantastiques (film);https://static.wikia.nocookie.net/harrypotter/images/7/7a/Potion_de_Mort.gif/revision/latest/scale-to-width-down/350?cb=20200826152624&path-prefix=fr
Philtre de Mort Vivante;https://harrypotter.fandom.com/fr/wiki/Philtre_de_Mort_Vivante;Le philtre de Mort Vivante (  angl.  Draught of Living Death ) est une potion magique de somnifère également appelée la Goutte du Mort vivant. L'antidote est la potion Wiggenweld. À mi-chemin de la préparation, on obtient un liquide satiné, couleur cassis. Puis la couleur devient lilas. La...;Somnifère;Hallucinogène;Intermédiaire;Liquide;Blanc;;"['Cervelle de paresseux', 'Liquide blanc', 'Fève sopophorique', 'Mucus de Veracrasse', 'Asphodèle', ""Infusion d'armoise"", ""Infusion d'armoise"", 'Liquide violet', 'Poudre rose', 'Crochet de serpent', 'Valériane']";Harry Potter à l'école des sorciers;https://static.wikia.nocookie.net/harrypotter/images/2/28/Philtre_de_Mort_Vivante_2.jpg/revision/latest/scale-to-width-down/350?cb=20151205163649&path-prefix=fr
Mélange de poudre d'argent et de dictame;https://harrypotter.fandom.com/fr/wiki/M%C3%A9lange_de_poudre_d%27argent_et_de_dictame;Un mélange de poudre d'argent et de dictame (  angl.  mixture of powdered silver and dittany ) permet de sceller une morsure de loup-garou, évitant ainsi que la victime ne saigne à mort. Toutefois, certains sorciers auraient préféré mourir de leurs blessures plutôt que de vivre en étant atteint...;Scelle une morsure de loup-garou;Soin;Débutant;Liquide;Inconnue;;"['Dictame', ""Poudre d'argent""]";Pottermore;
Nettoie-Tout magique de la Mère Grattesec;https://harrypotter.fandom.com/fr/wiki/Nettoie-Tout_magique_de_la_M%C3%A8re_Grattesec;Le Nettoie-Tout magique de la Mère Grattesec (  angl.  Mrs. Skower's All-Purpose Magical Mess Remover ), également connue sous le nom de Magicprop de madame Prop (  angl.  Mrs Skower's Magical Mess Remover ), est une potion de nettoyage. D'après le jeu Harry Potter et la Chambre des Secrets sur...;Enlève les taches;Outil;Intermédiaire;Liquide;Violet;;0;Harry Potter et la Chambre des Secrets;https://static.wikia.nocookie.net/harrypotter/images/e/e2/Solution_de_Nettoyage.jpg/revision/latest?cb=20161029112616&path-prefix=fr
Potion de nettoyage;https://harrypotter.fandom.com/fr/wiki/Potion_de_nettoyage;La potion de nettoyage (  angl.  cleaning potion ) est le nom générique de potions qui permettent de faire le ménage. Nettoie-Tout magique de la mère Grattesec Détergents magiques contenant des sécrétions diluées de Bandimon Fausses potions de nettoyage d'Erica Stainwright;Nettoie;Outil;Intermédiaire;Liquide;Incolore;Erica Stainwright;0;Site officiel de J.K. Rowling;
Potion Oculus;https://harrypotter.fandom.com/fr/wiki/Potion_Oculus;La potion Oculus (  angl.  Oculus Potion ) est un breuvage magique qui améliore la vision de celui qui le boit. Cette potion permet également de neutraliser les effets du sortilège de Conjonctivite. Dans un chaudron rempli d'eau et sur le feu : Secouer une fiole d'infusion d'armoise puis ajouter...;Améliore la vision;Fortifiant;Débutant;Liquide;Orange;;"['Poudre bleue', 'Mandragore', ""Infusion d'armoise"", 'Corne de licorne']";Harry Potter et le Prince de Sang-Mêlé (jeu);https://static.wikia.nocookie.net/harrypotter/images/0/04/Potion_Oculus.gif/revision/latest/scale-to-width-down/350?cb=20160226133445&path-prefix=fr
Potion de l'Œil Vif;https://harrypotter.fandom.com/fr/wiki/Potion_de_l%27%C5%92il_Vif;La potion de l'Œil Vif (  angl.  Wideye Potion ), aussi appelée potion d'Éveil (  angl.  Awakening Potion ), est une potion qui empêche le sommeil ou fait reprendre connaissance après une sédation ou un coup sur la tête. La recette est présente dans le livre Potions magiques d'Arsenius...;Réveil;Antidote;Débutant;Liquide;Vert;;['Ingrédient standard', 'Dard séché de Billywig', 'Tue-loup', 'Crochet de serpent'];Pottermore;https://static.wikia.nocookie.net/harrypotter/images/d/d3/Potion_de_l%27%C5%92il_Vif.png/revision/latest?cb=20120415115223&path-prefix=fr
Philtre de Paix;https://harrypotter.fandom.com/fr/wiki/Philtre_de_Paix;Le philtre de Paix (  angl.  Draught of Peace ) est une potion utilisée pour calmer l'anxiété et apaiser l'agitation de la personne qui la boit. Le philtre de Paix est une potion qui est souvent demandée aux épreuves de BUSE de potions. Dans un chaudron rempli d'eau et sur le feu : Ajouter de la...;Calmant;Fortifiant;Intermédiaire;Liquide;Blanc;;"['Poudre bleue', 'Liquide brun', 'Mandragore', 'Poudre rose', 'Pierre de lune', ""Sirop d'ellébore""]";Harry Potter et l'Ordre du Phénix;https://static.wikia.nocookie.net/harrypotter/images/4/40/Philtre_de_Paix.jpg/revision/latest/scale-to-width-down/350?cb=20170430131229&path-prefix=fr
Panacée;https://harrypotter.fandom.com/fr/wiki/Panac%C3%A9e;La panacée (  angl.  panacea ), également connue en tant que perfect medecine (  trad. approx.  médecine parfaite ), est une potion censée être un remède universel. D'après un traité d'alchimie mentionné dans un livre qui apparait dans le film Harry Potter à l'école des sorciers, les...;"[""Guérir toutes les maladies"", ""Rendre immortel""]";Soin;Avancé;Liquide;Jaune;Alchimistes;['Vinaigre', 'Sel', 'Urine', 'Sal ammoniac', 'Soufre vif'];Harry Potter à l'école des sorciers (film);
Baume de pâquerettes;https://harrypotter.fandom.com/fr/wiki/Baume_de_p%C3%A2querettes;La baume de pâquerettes (  angl.  Bruisewort Balm ) est un baume vraisemblablement fait à partir de pâquerettes.;Soigne;Soin;Débutant;Liquide;Bleu;;['Pâquerette'];Harry Potter Trading Card Game;https://static.wikia.nocookie.net/harrypotter/images/d/d3/Baume_de_p%C3%A2querettes.jpg/revision/latest?cb=20151117120756&path-prefix=fr
Potion Pare-feu;https://harrypotter.fandom.com/fr/wiki/Potion_Pare-feu;La potion Pare-feu (  angl.  Fire Protection Potion ) est une potion qui a pour effet de protéger le buveur du feu. Couper le Champignon explosif. Ajouter le Champignon explosif coupé. Remuer dans le sens des aiguilles d'une montre jusqu'à ce que la potion devienne bleue. Ajouter le Sang de...;Protège du feu;Fortifiant;Débutant;Liquide;Rouge;;['Sang de salamandre', 'Champignon explosif', 'Champignon à verrues'];LEGO Harry Potter : Années 1 à 4;https://static.wikia.nocookie.net/harrypotter/images/6/60/Potion_Pare-feu.jpg/revision/latest?cb=20151124135647&path-prefix=fr
Poison pernicieux;https://harrypotter.fandom.com/fr/wiki/Poison_pernicieux;Le poison pernicieux (  angl.  Noxious Potion ) est un breuvage magique qui peut nuire au buveur. Cette potion produit des nuages ​de fumée verte une fois finie.;Poison;Poison;Intermédiaire;Fumant;Vert;;0;Harry Potter Trading Card Game;https://static.wikia.nocookie.net/harrypotter/images/2/2e/Poison_pernicieux.jpg/revision/latest?cb=20151124214000&path-prefix=fr
Pimentine;https://harrypotter.fandom.com/fr/wiki/Pimentine;La Pimentine (  angl.  Pepperup Potion ) est une potion qui permet de soigner le rhume, mais a pour effet secondaire de faire fumer les oreilles pendant plusieurs heures. Bien que la Pimentine ait été inventée par Glover Hipworth, c'est Linfred de Stinchcombe qui en serait à l'origine. Madame...;Soigne le rhume;Soin;Débutant;Liquide;Rouge;Glover Hipworth;0;Harry Potter et la Chambre des Secrets;https://static.wikia.nocookie.net/harrypotter/images/b/b9/Pepperup_Potion.png/revision/latest?cb=20120511172802&path-prefix=fr
Antidote aux Poisons Courants;https://harrypotter.fandom.com/fr/wiki/Antidote_aux_Poisons_Courants;L'antidote aux Poisons Courants (  angl.  Antidote to Common Poisons ) est une potion qui annule l'effet des poisons. Ajouter 1 bézoard dans le mortier. Écraser à l'aide du pilon pour obtenir une poudre très fine. Ajouter 4 mesures du Bézoard écrasé dans le chaudron. Ajouter 2 mesures de...;Antidote aux poisons;Antidote;Intermédiaire;Liquide;Bleu;;['Baie de gui', 'Ingrédient standard', 'Menthe', 'Mandragore', 'Poudre rose', 'Bézoard', 'Corne de licorne', 'Hydromel'];Harry Potter à l'école des sorciers (jeu);https://static.wikia.nocookie.net/harrypotter/images/7/7c/Antidote_aux_Poisons_Courants.png/revision/latest?cb=20220504083421&path-prefix=fr
Antidote des poisons rares;https://harrypotter.fandom.com/fr/wiki/Antidote_des_poisons_rares;L'antidote des poisons rares (  angl.  Antidote to Uncommon Poisons ) est une potion permettant de stopper les effets de certains poisons peu communs. Severus Rogue demande à ses élèves de réunir les ingrédients nécessaires à la préparation de cette potion pour leur prochain cours, durant lequel...;Antidote aux poisons rares;Antidote;Débutant;Liquide;Vert;;['Graine de feu', 'Dard séché de Billywig', 'Carapace de Ciseburine', 'Corne de Grapcorne'];Harry Potter et le prisonnier d'Azkaban (jeu);https://static.wikia.nocookie.net/harrypotter/images/2/2e/Antidote_des_poisons_rares.png/revision/latest?cb=20231021124143&path-prefix=fr
Polynectar;https://harrypotter.fandom.com/fr/wiki/Polynectar;Le Polynectar (  angl.  Polyjuice Potion ) est une potion qui permet à un sorcier de prendre temporairement l'apparence d'un autre être humain. La potion est réservée aux métamorphoses humaines : un humain ne peut pas l'utiliser pour devenir un animal et un demi-géant ne peut pas l'utiliser pour...;Permet à un humain de prendre l'apparence d'un autre humain durant une heure;Métamorphose;Avancé;Pateux;Vert;;"['Sangsue', ""Peau de serpent d'arbre du Cap"", 'Corne de bicorne', 'Chrysope cuite', 'Sisymbre', 'Touffe de Polygonum', ""Élément du corps de la personne dont on souhaite prendre l'apparence""]";Harry Potter et la Chambre des Secrets;https://static.wikia.nocookie.net/harrypotter/images/c/c5/B2C12M2.jpg/revision/latest/scale-to-width-down/350?cb=20170906162203&path-prefix=fr
Pommade pommadante Grégoire;https://harrypotter.fandom.com/fr/wiki/Pommade_pommadante_Gr%C3%A9goire;La pommade pommadante Grégoire (  angl.  Gregory's Unctuous Unction ) est une potion inventée par Gregory le Hautain qui persuade celui qui l'utilise que celui qui la lui a offerte est son meilleur ami. Gregory le Hautain aurait utilisé cette pommade pour infiltrer la cour du Roi Richard et...;Persuade celui qui l'utilise que celui qui la lui a offerte est son meilleur ami;Contrôle-mental;Intermédiaire;Liquide;Vert;Gregory le Hautain;0;Harry Potter et la Chambre des Secrets (jeu);https://static.wikia.nocookie.net/harrypotter/images/6/6c/Pommade_pommadante_Gr%C3%A9goire_-_HPSP.png/revision/latest?cb=20230901071129&path-prefix=fr
Potion de cautérisation;https://harrypotter.fandom.com/fr/wiki/Potion_de_caut%C3%A9risation;Elle nettoya la coupure avec une compresse imbibée d'un liquide violet qui fumait et piquait la peau, puis elle lui toucha l’épaule avec sa baguette magique et il sentit que sa blessure guérissait instantanément.Madame Pomfresh soignant la blessure de Harry Potter La potion de cautérisation...;Antiseptique;Soin;Avancé;Fumant;Violet;;0;Harry Potter et la Coupe de Feu;https://static.wikia.nocookie.net/harrypotter/images/c/c8/Potion_de_caut%C3%A9risation_%28HPSP%29.png/revision/latest/scale-to-width-down/350?cb=20230902180512&path-prefix=fr
Potion de Regermination;https://harrypotter.fandom.com/fr/wiki/Potion_de_Regermination;La Potion de Regermination (  angl.  Regerminating Potion ) est une potion pour plante créée par le célèbre botaniste Tilden Toots. D'après le site officiel de J.K. Rowling, Tilden Toots annonce dans son émission radiophonique Toots, Shoots 'n' Roots avoir reçu une lettre de Georgina Smyth qui...;Redonne à une plante morte la capacité de germer;Jardin;Avancé;Liquide;Vert;Tilden Toots;0;Site officiel de J.K. Rowling;https://static.wikia.nocookie.net/harrypotter/images/f/ff/Regerminating_Potion.jpg/revision/latest?cb=20170901150554&path-prefix=fr
Potion de Rejutage;https://harrypotter.fandom.com/fr/wiki/Potion_de_Rejutage;La Potion de Rejutage (  angl.  Rejuicing Potion ) est une potion pour plante créée par le célèbre botaniste Tilden Toots. D'après le site officiel de J.K. Rowling, Tilden Toots annonce dans son émission radiophonique Toots, Shoots 'n' Roots avoir reçu une lettre de Georgina Smyth qui n'aurait...;Redonne à une plante morte la capacité de produire du jus;Jardin;Intermédiaire;Liquide;Rouge;Tilden Toots;0;Site officiel de J.K. Rowling;https://static.wikia.nocookie.net/harrypotter/images/7/79/Rejuicing_Potion.jpg/revision/latest?cb=20170901150555&path-prefix=fr
Potion Potiron;https://harrypotter.fandom.com/fr/wiki/Potion_Potiron;La potion Potiron (  angl.  Pompion Potion ) est une potion qui a pour effet d'enfermer temporairement la tête du buveur dans une citrouille. Écraser le Pipaillon de nuit. Ajouter le Pipaillon de nuit écrasé dans le chaudron. Remuer dans le sens des aiguilles d'une montre jusqu'à ce que la...;Enferme la tête dans une citrouille;Affaiblissant;Débutant;Liquide;Orange;;['Pipaillon de nuit', 'Digitale', 'Bulbe sauteur'];LEGO Harry Potter : Années 1 à 4;https://static.wikia.nocookie.net/harrypotter/images/0/09/Potion_Potiron.gif/revision/latest?cb=20150423112503&path-prefix=fr
Poussos;https://harrypotter.fandom.com/fr/wiki/Poussos;Le Poussos (  angl.  Skele-Gro ) est une potion servant à réparer ou à faire repousser les os. Madame Pomfresh donne du Poussos à Harry Potter après l'intervention de Gilderoy Lockhart, qui a fait disparaître accidentellement les os de ce dernier. Fleur Delacour donne du Poussos à Gripsec, après...;Reconstitue les os;Soin;Intermédiaire;Liquide;Blanc;Linfred de Stinchcombe;['Scarabée', 'Chou mordeur de Chine', 'Oeil de poisson-hérisson'];Harry Potter et la Chambre des Secrets;https://static.wikia.nocookie.net/harrypotter/images/8/8b/Poussos.png/revision/latest?cb=20131006133747&path-prefix=fr
Potion à priser;https://harrypotter.fandom.com/fr/wiki/Potion_%C3%A0_priser;La potion à priser (  angl.  Snuffling Potion ) est une potion qui provoque un reniflement incontrôlable.;Reniflement incontrôlable;Contrôle-mental;Intermédiaire;Liquide;Rose;;0;Harry Potter Trading Card Game;https://static.wikia.nocookie.net/harrypotter/images/9/9f/Potion_%C3%A0_priser.jpg/revision/latest?cb=20151124140245&path-prefix=fr
Produit contre les limaces mangeuses de chair;https://harrypotter.fandom.com/fr/wiki/Produit_contre_les_limaces_mangeuses_de_chair;Le produit contre les limaces mangeuses de chair (  angl.  Flesh-Eating Slug Repellent ) est un pesticide visant à neutraliser ces créatures. Le produit contre les limaces mangeuses de chair est un répulsif qui peut s'acheter dans l'Allée des Embrumes. Dans le jeu Harry Potter : Secret à...;Neutralise les limaces mangeuses de chair;Poison;Intermédiaire;Liquide;Noir;;0;Harry Potter et la Chambre des Secrets;https://static.wikia.nocookie.net/harrypotter/images/d/df/Produit_contre_les_limaces_mangeuses_de_chair.png/revision/latest?cb=20131006162559&path-prefix=fr
Potion de puissance;https://harrypotter.fandom.com/fr/wiki/Potion_de_puissance;La potion de puissance (  angl.  Strength Potion ) est une potion augmentant considérablement la force de celui qui la boit. Severus Rogue apprend cette potion à des élèves de première année. Solution de Force;Augmente la force;Fortifiant;Avancé;Liquide;Orange;;['Os', 'Crochet de serpent', 'Fleur à corne'];LEGO Harry Potter : Années 1 à 4;https://static.wikia.nocookie.net/harrypotter/images/1/14/Potion_de_puissance.gif/revision/latest/scale-to-width-down/350?cb=20160302143923&path-prefix=fr
Poison de raisin de couleuvre;https://harrypotter.fandom.com/fr/wiki/Poison_de_raisin_de_couleuvre;Le poison de raisin de couleuvre (  angl.  Moonseed Poison ) est un poison vraisemblablement fait à partir de raisin de couleuvre.;Poison;Poison;Intermédiaire;Liquide;Violet;;['Raisin de couleuvre'];Harry Potter Trading Card Game;https://static.wikia.nocookie.net/harrypotter/images/5/5a/Poison_de_raisin_de_couleuvre.JPG/revision/latest?cb=20150322191137&path-prefix=fr
Potion de Ratatinage;https://harrypotter.fandom.com/fr/wiki/Potion_de_Ratatinage;La potion de Ratatinage ou solution de Ratatinage (  angl.  Shrinking Solution ou Shrinking Potion ) est une potion magique qui permet de faire rétrécir les objets. Elle permet également d'inverser le processus de vieillissement. Si on commet une erreur durant la préparation, la potion devient...;['Fait rétrécir les objets', 'Inverse le processus de vieillissement'];Métamorphose;Débutant;Liquide;Vert;;['Poudre jaune', 'Rate de rat', 'Sangsue', 'Chenille', 'Jus de figue'];Harry Potter et le prisonnier d'Azkaban;https://static.wikia.nocookie.net/harrypotter/images/d/d0/Potion_de_Ratatinage.jpg/revision/latest/scale-to-width-down/350?cb=20170430122816&path-prefix=fr
Ratconfortant;https://harrypotter.fandom.com/fr/wiki/Ratconfortant;Le Ratconfortant (  angl.  rat tonic ) est un tonique pour les rats. Il est notamment vendu à la Ménagerie magique dans un flacon rouge. La vendeuse de la Ménagerie magique propose du Ratconfortant pour tonifier Croûtard qui n'est pas en forme. Alors que Ron Weasley s'apprête à payer le...;Tonifie les rats;Fortifiant;Débutant;Liquide;Rouge;;0;Harry Potter et le prisonnier d'Azkaban;https://static.wikia.nocookie.net/harrypotter/images/e/ee/Ratconfortant.png/revision/latest?cb=20131006133848&path-prefix=fr
Potion de régénération;https://harrypotter.fandom.com/fr/wiki/Potion_de_r%C3%A9g%C3%A9n%C3%A9ration;La potion de régénération est une potion de magie noire permettant aux sorciers ayant perdu leur corps de le retrouver. La préparation de la potion de régénération requiert un chaudron suffisamment grand pour qu'un homme adulte puisse s'y asseoir. La première étape consiste à y verser de l'eau...;Restaure le corps d'un sorcier qui en est privé;Soin;Avancé;Liquide;Blanc;;"[""Os d'un père"", ""Chair d'un serviteur"", ""Sang d'un ennemi""]";Harry Potter et la Coupe de Feu;https://static.wikia.nocookie.net/harrypotter/images/5/5d/Potion_de_r%C3%A9g%C3%A9n%C3%A9ration.png/revision/latest?cb=20150204145804&path-prefix=fr
Potion de Régénération sanguine;https://harrypotter.fandom.com/fr/wiki/Potion_de_R%C3%A9g%C3%A9n%C3%A9ration_sanguine;La potion de Régénération sanguine (  angl.  Blood-Replenishing Potion ) est une potion qui aide à reconstituer le sang. Elle est notamment utilisée par les guérisseurs de l'hôpital Ste Mangouste. Arthur Weasley doit prendre une potion de Régénération sanguine toutes les heures après avoir été...;Reconstitue le sang;Soin;Avancé;Liquide;Rouge;;0;Harry Potter et l'Ordre du Phénix;https://static.wikia.nocookie.net/harrypotter/images/5/50/Potion_de_R%C3%A9g%C3%A9n%C3%A9ration_sanguine.jpg/revision/latest?cb=20150204190509&path-prefix=fr
Remontant de Pomfresh;https://harrypotter.fandom.com/fr/wiki/Remontant_de_Pomfresh;Le remontant de Pomfresh (  angl.  Pomfrey's Pick-Me-Up ) est un tonique magique pour tonifier l'organisme après des dommages physiques mineurs.;Tonifie l'organisme;Fortifiant;Avancé;Liquide;Vert;;0;Harry Potter Trading Card Game;https://static.wikia.nocookie.net/harrypotter/images/1/1b/Le_remontant_de_Pomfresh.jpg/revision/latest?cb=20120404200014&path-prefix=fr
Remède à la dragoncelle;https://harrypotter.fandom.com/fr/wiki/Rem%C3%A8de_%C3%A0_la_dragoncelle;Le remède à la dragoncelle a été inventé par Gunhilda de Gorsemoor entre 1556 et 1639.;Guérit la dragoncelle;Soin;Intermédiaire;Liquide;Violet;Gunhilda de Gorsemoor;0;Harry Potter à l'école des sorciers (jeu);https://static.wikia.nocookie.net/harrypotter/images/c/c4/Rem%C3%A8de_%C3%A0_la_dragoncelle.jpg/revision/latest?cb=20160531163256&path-prefix=fr
Potion de restitution;https://harrypotter.fandom.com/fr/wiki/Potion_de_restitution;La potion de restitution (  angl.  Restoration Potion ) est une potion qui annule les effets d'un sortilège sur un objet ou une créature.;Annule les effets d'un sortilège;Antidote;Avancé;Liquide;Violet;;0;Harry Potter Trading Card Game;https://static.wikia.nocookie.net/harrypotter/images/3/35/Potion_de_Restauration.jpg/revision/latest?cb=20151125152947&path-prefix=fr
Philtre Revigorant;https://harrypotter.fandom.com/fr/wiki/Philtre_Revigorant;Le philtre Revigorant (  angl.  Invigoration Draught ) est une potion qui redonne des forces à son buveur. Le philtre Revigorant fait l'objet d'un cours pratique de potions. À la fin du cours, Harry va rendre sa potion au professeur Rogue en estimant l'avoir correctement réussie, mais le...;Revigore;Fortifiant;Intermédiaire;Liquide;Bleu;;['Cranson officinal', 'Livèche', 'Eau de miel', 'Infusion de verveine'];Harry Potter et l'Ordre du Phénix;https://static.wikia.nocookie.net/harrypotter/images/8/8d/Philtre_Revigorant.png/revision/latest?cb=20160519142435&path-prefix=fr
Poison sang-dragon;https://harrypotter.fandom.com/fr/wiki/Poison_sang-dragon;Le poison sang-dragon (  angl.  Bloodroot Poison ) est un poison vraisemblablement fait à partir de sang-dragon.;Poison;Poison;Intermédiaire;Liquide;Jaune;;['Sang-dragon'];Harry Potter Trading Card Game;https://static.wikia.nocookie.net/harrypotter/images/1/13/Poison_sang-dragon.jpg/revision/latest?cb=20151116202615&path-prefix=fr
Potion pour soins capillaires de Lockhart;https://harrypotter.fandom.com/fr/wiki/Potion_pour_soins_capillaires_de_Lockhart;La potion pour soins capillaires de Lockhart (  angl.  Lockhart's Hair-Care Potion ) est une potion qui garantie à son utilisateur des cheveux bouclés et étincelants. Malgré son efficacité incontestable, ce produit n'a jamais été lancé sur le marché car les ingrédients qui entrent dans sa...;Rend les cheveux bouclés et étincelants;Fortifiant;Avancé;Liquide;Inconnue;Gilderoy Lockhart;"[""Oeuf d'Occamy""]";Harry Potter et la Chambre des Secrets;https://static.wikia.nocookie.net/harrypotter/images/c/ca/Potions_pour_soins_capillaires_de_Lockhart.jpg/revision/latest?cb=20170702104236&path-prefix=fr
Goutte du sommeil;https://harrypotter.fandom.com/fr/wiki/Goutte_du_sommeil;La goutte du sommeil (  angl.  Drowsiness Draught ) est une potion qui a pour effet d'induire une somnolence menant jusqu'à l'endormissement. Ses vapeurs, d'un rose violacé, suffisent à faire sombrer une personne dans le sommeil. Dans le jeu Harry Potter : Secret à Poudlard, Penny Haywood et le...;Endort;Hallucinogène;Débutant;Fumant;Rose;;0;Harry Potter Trading Card Game;https://static.wikia.nocookie.net/harrypotter/images/3/38/Goutte_du_sommeil.jpg/revision/latest/scale-to-width-down/350?cb=20151117214445&path-prefix=fr
Potion pour un sommeil sans rêves;https://harrypotter.fandom.com/fr/wiki/Potion_pour_un_sommeil_sans_r%C3%AAves;Une potion pour un sommeil sans rêves (  angl.  Potion for Dreamless Sleep ) est une potion permettant de s'endormir. Madame Pomfresh donne une potion pour un sommeil sans rêves à Harry. Somnifère;Plonge dans un sommeil sans rêves;Hallucinogène;Intermédiaire;Liquide;Violet;;0;Harry Potter et la Coupe de Feu;https://static.wikia.nocookie.net/harrypotter/images/b/be/Potion_pour_un_sommeil_sans_r%C3%AAves.png/revision/latest?cb=20141104143714&path-prefix=fr
Somnifère;https://harrypotter.fandom.com/fr/wiki/Somnif%C3%A8re;Le Somnifère ou potion de Sommeil (  angl.  Sleeping Draught ) est une potion plongeant dans un sommeil temporaire. Ajouter quatre brins de lavande dans le mortier Ajouter deux mesures de l'Ingrédient Standard dans le mortier Écraser à l'aide du pilon pour obtenir une pâte crémeuse Ajouter deux...;Sommeil temporaire;Hallucinogène;Débutant;Liquide;Violet;;['Ingrédient standard', 'Mucus de Veracrasse', 'Brin de lavande', 'Valériane'];Harry Potter et la Chambre des Secrets;https://static.wikia.nocookie.net/harrypotter/images/5/56/Somnif%C3%A8re.png/revision/latest?cb=20120419132050&path-prefix=fr
Tolipan Blemish Blitzer;https://harrypotter.fandom.com/fr/wiki/Tolipan_Blemish_Blitzer;Tolipan Blemish Blitzer (  trad. approx.  effaceur de boutons Tolipan ) est une crème anti-boutons pour le visage. Selon l'étiquette du produit créé pour les films Harry Potter, le Tolipan Blemish Blitzer a été créé en 1907. Dans le film Harry Potter et l'Ordre du Phénix, en 1996, La Gazette du...;Soin du visage;Soin;Intermédiaire;Pateux;Blanc;;['Ingrédient naturel', 'Griffe de dragon'];Harry Potter et l'Ordre du Phénix (film);https://static.wikia.nocookie.net/harrypotter/images/0/0a/Tolipan_Blemish_Blitzer.png/revision/latest/scale-to-width-down/350?cb=20220423175806&path-prefix=fr
Potion contre la toux;https://harrypotter.fandom.com/fr/wiki/Potion_contre_la_toux;La potion contre la toux (  angl.  cough potion ) est une potion médicinale qui soigne la toux. L'un des services proposés par Weasley, Farces pour sorciers facétieux est d'envoyer des philtres d'amour à Poudlard en les faisant passer pour de la potion contre la toux. Dans la bibliothèque de...;Soigne la toux;Soin;Intermédiaire;Liquide;Inconnue;;0;Harry Potter et le Prince de Sang-Mêlé;
Potion Trismus;https://harrypotter.fandom.com/fr/wiki/Potion_Trismus;La potion Trismus (  angl.  Jawbind Potion ) est une potion qui contracte les muscles de la mâchoire du buveur.;Provoque un trismus;Contrôle-mental;Intermédiaire;Liquide;Bleu;;0;Harry Potter Trading Card Game;https://static.wikia.nocookie.net/harrypotter/images/3/3e/Potion_Trismus.jpg/revision/latest?cb=20151116153225&path-prefix=fr
Goutte de trompette des anges;https://harrypotter.fandom.com/fr/wiki/Goutte_de_trompette_des_anges;La goutte de trompette des anges (  angl.  Angel's Trumpet Draught ) est un poison vraisemblablement fait à partir de trompettes des anges.;Poison;Poison;Avancé;Liquide;Gris;;['Trompette des anges'];Harry Potter Trading Card Game;https://static.wikia.nocookie.net/harrypotter/images/1/1f/Philtre_de_la_Trompette_des_Anges.jpg/revision/latest?cb=20151111131709&path-prefix=fr
Potion Tue-loup;https://harrypotter.fandom.com/fr/wiki/Potion_Tue-loup;La potion Tue-loup (  angl.  Wolfsbane Potion ) permet de soulager les symptômes les plus terribles de ceux qui deviennent des loups-garous à la pleine lune. Elle porte le nom de Tue-loup, une plante qui entre dans sa composition. La potion Tue-loup est une invention récente de Damoclès, l'oncle...;Soulage les symptômes des loups-garous;Soin;Avancé;Liquide;Violet;Damoclès;['Tue-loup'];Harry Potter et le prisonnier d'Azkaban;https://static.wikia.nocookie.net/harrypotter/images/1/10/HP3-chapitre08.jpg/revision/latest?cb=20110903193746&path-prefix=fr
Veritaserum;https://harrypotter.fandom.com/fr/wiki/Veritaserum;Le Veritaserum est un puissant sérum de vérité, une potion qui provoque chez celui qui l'absorbe une incapacité à mentir. L'usage du Veritaserum est soumis à une réglementation du ministère de la Magie. La potion doit mûrir pendant un cycle complet de la lune et environ un mois est donc...;Provoque une incapacité à mentir;Contrôle-mental;Avancé;Liquide;Incolore;;0;Harry Potter et la Coupe de Feu;https://static.wikia.nocookie.net/harrypotter/images/d/d9/Veritaserum.jpg/revision/latest/scale-to-width-down/350?cb=20160518104211&path-prefix=fr
Sérum de vérité;https://harrypotter.fandom.com/fr/wiki/S%C3%A9rum_de_v%C3%A9rit%C3%A9;Le sérum de vérité (  angl.  Truth Serum ou Truth Potion ) est le nom générique de potions qui provoquent chez celui qui l'absorbe une incapacité à mentir. Le plus puissant sérum de vérité est le Veritaserum. Sérum de vérité sur Wikipédia (version française);Provoque une incapacité à mentir;Contrôle-mental;Avancé;Liquide;Incolore;;['Plume de Jobarbille'];Les Animaux fantastiques;
Potion vert émeraude;https://harrypotter.fandom.com/fr/wiki/Potion_vert_%C3%A9meraude;La potion vert émeraude (  angl.  Emerald Potion ) est un poison phosphorescent conçu pour ne pas pouvoir être bu jusqu'à la fin. La potion affaiblit celui qui la boit et semble lui donner des cauchemars, voire des hallucinations. Lord Voldemort utilise cette potion pour protéger l'un de ses...;['Affaiblit', 'Provoque des cauchemars et des hallucinations', 'Assoiffe'];Affaiblissant;Avancé;Liquide;Vert;Tom Jedusor;0;Harry Potter et le Prince de Sang-Mêlé;https://static.wikia.nocookie.net/harrypotter/images/9/96/Potion_vert_%C3%A9meraude_livre.jpg/revision/latest?cb=20151017183231&path-prefix=fr
Potion de vertige;https://harrypotter.fandom.com/fr/wiki/Potion_de_vertige;La potion de vertige (  angl.  Dizziness Draught ) est une potion qui provoque des vertiges.;Provoque des vertiges;Hallucinogène;Intermédiaire;Liquide;Inconnue;;0;Harry Potter Trading Card Game;https://static.wikia.nocookie.net/harrypotter/images/e/e8/Philtre_de_Vertige.jpg/revision/latest?cb=20151125194747&path-prefix=fr
Potion de Vieillissement;https://harrypotter.fandom.com/fr/wiki/Potion_de_Vieillissement;La potion de Vieillissement (  angl.  Ageing Potion ) est une potion, qui comme son nom l'indique, permet de devenir plus âgé. Plus la quantité de potion avalée est grande, plus le buveur vieilli. En 1994, Albus Dumbledore a tracé une Limite d'Âge autour de la Coupe de Feu afin que seuls les...;Permet de se rendre plus âgé;Métamorphose;Avancé;Liquide;Gris;;0;Harry Potter et la Coupe de Feu;https://static.wikia.nocookie.net/harrypotter/images/f/f5/Potion_de_Vieillissement_Pottermore.png/revision/latest?cb=20150309151042&path-prefix=fr
Potion Volubilis;https://harrypotter.fandom.com/fr/wiki/Potion_Volubilis;La potion Volubilis est un breuvage qui permet de restaurer le volume de la voix d'une personne et neutralise également les effets du sortilège de Mutisme. Dans un chaudron rempli d'eau et sur le feu : Chauffer jusqu'à ce que la potion devienne rouge. Chauffer jusqu'à ce que la potion devienne...;Restaure le volume de la voix;Antidote;Intermédiaire;Liquide;Jaune;;"['Menthe', 'Mandragore', ""Sirop d'ellébore"", 'Hydromel']";Harry Potter et le Prince de Sang-Mêlé (jeu);https://static.wikia.nocookie.net/harrypotter/images/5/5b/Potion_Volubilis.jpg/revision/latest/scale-to-width-down/350?cb=20170430122817&path-prefix=fr
Potion Wiggenweld;https://harrypotter.fandom.com/fr/wiki/Potion_Wiggenweld;La potion Wiggenweld (  angl.  Wiggenweld Potion ) est une potion qui soigne les blessures et restaure un peu la santé de la personne qui la boit. Elle permet également de neutraliser les effets d'une potion de sommeil et est un antidote à la Goutte du Mort vivant. Dans un chaudron rempli d'eau...;Neutralise les effets des somnifères;Antidote;Intermédiaire;Liquide;Vert;;"['Aconit', 'Menthe', 'Dictame', 'Sang de salamandre', 'Mucus de Veracrasse', 'Jus de Horglup', 'Épine de poisson-diable', 'Mandragore', 'Corne de licorne', 'Eau de miel', 'Crochet de Ciseburine', 'Écorce de sorbier', 'Dard de Billywig', ""Jus d'explobaies"", 'Moly', 'Mucus de cervelle de paresseux', 'Rosée de lune']";Harry Potter à l'école des sorciers (jeu);https://static.wikia.nocookie.net/harrypotter/images/e/e0/Potion_Wiggenweld_2.jpg/revision/latest/scale-to-width-down/350?cb=20170430201708&path-prefix=fr
